{
    "max_execution_time": 55.521618604660034,
    "meta_data-client-6a424809-8.json": 0.0,
    "meta_data-client-3a559b9e-e.json": 0.4515419006347656
}