{
    "max_execution_time": 35.66415882110596,
    "meta_data-client-9655d1fc-9.json": 1.2188122272491455,
    "meta_data-client-41c5c020-7.json": 0.0
}