{
    "max_execution_time": 54.15764498710632,
    "meta_data-client-6a424809-8.json": 0.2004547119140625,
    "meta_data-client-3a559b9e-e.json": 0.0
}