{
    "max_execution_time": 34.366332054138184,
    "meta_data-client-9655d1fc-9.json": 0.0,
    "meta_data-client-41c5c020-7.json": 0.4543330669403076
}