{
    "max_execution_time": 56.00324988365173,
    "meta_data-client-6a424809-8.json": 0.0,
    "meta_data-client-3a559b9e-e.json": 0.6272028684616089
}