{
    "max_execution_time": 31.992613315582275,
    "meta_data-client-9655d1fc-9.json": 0.0,
    "meta_data-client-41c5c020-7.json": 1.1101752519607544
}