{
    "max_execution_time": 64.2494125366211,
    "meta_data-client-6a424809-8.json": 0.0,
    "meta_data-client-3a559b9e-e.json": 1.313673973083496
}