{
    "max_execution_time": 68.29469633102417,
    "meta_data-client-6a424809-8.json": 0.0,
    "meta_data-client-3a559b9e-e.json": 1.542273998260498
}